{"cameraMode":{"drawMode":0,"name":"Shaded","section":"Shading Mode"},"sceneLighting":false,"audioPlay":false,"sceneViewState":{"m_AlwaysRefresh":false,"showFog":true,"showSkybox":false,"showFlares":true,"showImageEffects":true,"showParticleSystems":true,"showVisualEffectGraphs":true,"m_FxEnabled":true},"in2DMode":false,"pivot":{"x":-1.313491702079773,"y":0.31300467252731326,"z":-2.2811672687530519},"rotation":{"x":-0.07583200186491013,"y":0.15254485607147218,"z":-0.011744610965251923,"w":-0.9853261709213257},"size":1.6011741161346436,"orthographic":true}